{
  "scriptFile": "__init__.py",
  "bindings": [
    {
      "name": "messageJSON",
      "type": "table",
      "tableName": "visitors",
      "partitionKey": "visitorsCount",
      "rowKey": "1",
      "connection": "RESUMEDB_CONNECTION_STRING",
      "direction": "in"
    },
    {
      "authLevel": "anonymous",
      "type": "httpTrigger",
      "direction": "in",
      "name": "req",
      "methods": [
        "get"
      ]
    },
    {
      "type": "http",
      "direction": "out",
      "name": "$return"
    }
  ]
}